t[s],p1[Pa],p2[Pa],mobA[kg],immA[kg],dissA[kg],sealA[kg],mobB[kg],immB[kg],dissB[kg],sealB[kg],M_C[m],sealTot[kg]
0,0.0,0.4554446348783884,0.028320288909176816,0.9325407944058522,0.6395191327886607,0.018429727232730952,0.49010101409955775,0.8771556364842028,0.12997085808755682,0.05400716171642195,0.95845963827572,0.31049705451629717,0.3993777322160408
1,3942000000.0,0.4174433129499041,0.34582247600433924,0.9979023251491725,0.9625651044259008,0.16304395590333032,0.9061591036989268,0.3253003899144793,0.721472684852506,0.7854669893172654,0.05900527469209804,0.16897322587037955,0.3103819541083621
2,7884000000.0,0.8985793802884809,0.2643618644177893,0.26301025820709434,0.15650967415499406,0.3973572110766278,0.5031067589261152,0.402467993479097,0.6167813171328105,0.5835169238831857,0.4600406110943879,0.42096656301502144,0.5170647521478865
3,11826000000.0,0.9016280758812014,0.587094808148644,0.22323155485435742,0.19370499520775397,0.8925068904994243,0.5141783344886823,0.7880595286524088,0.4128284960443772,0.2525030481984111,0.5051503120751402,0.3348269211217243,0.367775815156426
4,15768000000.0,0.07330266584117628,0.34485024060952274,0.9615714205412651,0.9045795507834743,0.22003069637378614,0.7177766347835652,0.9241222958133051,0.707854218817428,0.6721600770674507,0.13759638151471287,0.38549897071354966,0.6161701132206798
5,19710000000.0,0.5505543008183067,0.5341932205964198,0.3024110140059315,0.193986301062973,0.4727743017805395,0.25430182783116817,0.8691763351748129,0.5553901405376325,0.9387942801590081,0.02786546351255248,0.24950296164348928,0.9675872428430861
6,23652000000.0,0.6294564242972517,0.5300563806739187,0.5942895450387078,0.42765848118578276,0.23361278382463957,0.2752495258285761,0.928912131335917,0.3594838285435733,0.47748026917215136,0.7580470802875163,0.06128716757129271,0.5350449093499667
7,27594000000.0,0.6599478056318694,0.5402342735140213,0.6408392752340286,0.26179826318306065,0.6756576017438604,0.708456809162494,0.6617377222747612,0.7615075212374843,0.34846268433240724,0.46413757762718255,0.5925896039373344,0.5251048026488766
